{
  "autos": [
    {
      "id": 1,
      "title": "Fiat",
      "transaction": "Alquiler",
      "description": "Uno",
      "price": "2100000",
      "doors": "3",
      "kilometers": "10",
      "horsePower": "100"
    },
    {
      "id": 2,
      "title": "Renault",
      "transaction": "Venta",
      "description": "Sandero",
      "price": "2000000",
      "doors": "5",
      "kilometers": "1",
      "horsePower": "55"
    },
    {
      "title": "Chevrolet",
      "transaction": "Venta",
      "description": "Corsa",
      "price": "100000",
      "doors": "5",
      "kilometers": "1",
      "horsePower": "55",
      "id": 3
    },
    {
      "title": "Ford",
      "transaction": "Venta",
      "description": "Focus",
      "price": "105000",
      "doors": "5",
      "kilometers": "5",
      "horsePower": "60",
      "id": 4
    }
  ]
}